Word;Definition/Translation/Association;Group;Last Interogation Date;Number of Days since the last interogation;Number of Days before the next interogation
le crayon;der Bleistift;5;2013-01-09T18:27:08;0;5;
mardi;dienstag;2;2013-01-09T17:23:29;0;1;
justement;ausgerechnet;5;2013-01-05T18:02:10;4;1;
le brouillard;der Nebel;9;2013-01-07T23:57:14;1;33;
j'ai les mains qui géle;mir frieren die Hände ab;2;2013-01-09T00:36:05;0;1;
l'agence pour l'emploi;das Arbeitsamt;1;2013-01-09T18:50:59;0;1;
le manque;der Mangel;1;2013-01-09T19:25:28;0;1;
en entrant dans la piéce, il eut un infarctus;Als er das Zimmer betrat, bekam er einen Herzinfarkt;6;2013-01-05T16:47:32;4;4;
en tricotant le pullover, elle regardait un western;Während sie den Pullover strickte, sah sie sich einen Western an;5;2013-01-05T18:02:40;4;1;
peter un cable;durchdrehen;4;2013-01-08T18:52:44;1;2;
ni d'une façon ni de l'autre;weder so noch so;8;2012-12-28T11:04:53;12;9;
faire des calins à quelqu'un;mit jemandem schmusen;2;2013-01-09T18:31:53;0;1;
L'economie est en crise;die wirtschaft steckt in einer krise;1;2013-01-09T18:30:07;0;1;
le mois le plus chqud de l'année;Der heißeste monat des jahres;5;2013-01-09T18:30:35;0;5;
l´accomplissement;die Durchführung;6;2013-01-09T17:24:09;0;8;
déconnecter (electrique, pour une personne);abschalten;7;2013-01-01T20:15:34;8;5;
pour changer;zur Abwechslung;2;2013-01-09T00:34:05;0;1;
regaler qq;bewirten;8;2012-12-25T11:38:36;15;6;
Le brouillard se lève;Der Nebel hebt sich;7;2013-01-05T16:43:55;4;9;
C'est pour les concerts que les plus jeunes dépensent le plus;Für konzerte geben die Jungendlichen am meisten aus;1;2013-01-09T18:30:26;0;1;
Pourriez-vous me montrer le chemin s'il vous plaît ?	;Können Sie mir bitte den Weg zeigen?;1;2013-01-09T18:27:22;0;1;
le magasin;der Laden;8;2012-12-31T14:13:58;9;12;
mal famé;berüchtigt;7;2013-01-04T15:53:14;5;8;
un montant;der Betrag;8;2012-12-28T11:02:26;12;9;
secondaire;nebensächlich;8;2013-01-08T00:01:23;1;20;
la mollesse;die schlaffheit;5;2013-01-05T18:01:50;4;1;
le rayon;der Strahl;8;2013-01-02T17:03:01;7;14;
accepter, admettre;annehmen;7;2013-01-01T20:15:51;8;5;
Elle est plus connu comme chanteuse que comme pianiste;Sie ist bekannter als Sängerin denn als Pianistin;7;2013-01-09T20:23:13;0;13;
l'origine;die Herkunft;8;2013-01-05T16:44:01;4;17;
un bouquet;der Strauß;6;2013-01-05T16:47:37;4;4;
deboiter, desarticuler;ausrenken;8;2012-12-24T12:38:28;16;5;
bon enfant, bonasse;gutmütig;8;2012-12-21T21:58:41;18;3;
le mal;das übel;8;2012-12-23T14:31:51;17;4;
Faut pas pousser mémé dans les orties;Man darf nicht übertreiben;6;2013-01-05T16:45:46;4;4;
avoué;erkannt;6;2013-01-09T00:34:53;0;8;
la punition;die Bestrafung;7;2013-01-05T16:44:40;4;9;
réfléchir à propos de;Nachdenken;8;2012-12-23T14:30:16;17;4;
Seriez vous pret a payer plus cher pour ca?;Wären Sie bereit, mehr Geld dafür zu bezahlen?;1;2013-01-08T22:06:44;0;1;
il s'est cruellement vengé d'elle;er hat sich grausam an ihr gerächt;1;2013-01-09T18:28:27;0;1;
je n'ai que feuilleté le journal;ich habe die Zeitung nur durchgeblättert;7;2013-01-05T16:45:18;4;9;
se rencontrer;sich begegnen;7;2012-12-31T14:44:39;9;4;
demarer l´odinateur;den Computer hochfahren;8;2012-12-24T12:37:03;16;5;
profiter (sans entrave);auskosten;2;2013-01-09T00:34:18;0;1;
le camion;der Lastwagen;5;2013-01-09T18:30:40;0;5;
le bonheur;das Glück;8;2012-12-31T14:45:45;9;12;
l'entrepreneur;der Unternehmer;9;2013-01-08T18:50:04;1;33;
l'etonement;die Verwunderung;6;2013-01-02T18:19:01;7;1;
detester;verabscheuen;7;2013-01-09T20:22:31;0;13;
Ne me laissez pas en plan ici car je ne connais personne;Lassen Sie mich hier nicht im Stich, denn ich kenne niemanden;1;2013-01-09T18:33:47;0;1;
le suspect;der Tatverdächtige;7;2013-01-02T17:02:03;7;6;
l'ame;der Seele;5;2013-01-06T22:57:39;2;3;
cibler;festlegen;5;2013-01-08T18:53:35;1;4;
il dispose de beaucoup de temps libre;Er verfügt über viel freie Zeit;7;2012-12-31T14:13:21;9;4;
des lors que, sitôt;Sobald;9;2013-01-08T00:00:28;1;33;
eteindre,  anesthésier, couper le contact;ausschalten;8;2012-12-31T14:15:36;9;12;
l'hiver;der Winter;8;2012-12-25T11:38:16;15;6;
forcer, astreindre;nötigen;8;2012-12-25T11:39:37;15;6;
l´acceleration;das Hochfahren;7;2013-01-02T17:01:28;7;6;
Peux-tu encore utiliser ça ?;Kannst du das noch verwenden?;7;2013-01-09T20:22:52;0;13;
avoir une dent contre quelqu'un;jemanden nicht leiden können;7;2013-01-01T20:32:51;7;6;
un marque page;das Lesezeichen;4;2013-01-08T18:50:13;1;2;
en tout cas;Jedenfalls;4;2013-01-08T18:51:15;1;2;
disponible;verfügbar;9;2013-01-08T00:00:33;1;33;
la devinette, le mystére;das Rätsel;6;2013-01-02T17:00:34;7;1;
en general, generalement, au fait;überhaupt;7;2013-01-05T17:56:09;4;9;
debiter quelque chose d'un compte;abbuchen;8;2012-12-31T14:19:36;9;12;
la meuf;die Tussi;8;2012-12-31T14:18:58;9;12;
deporte a;verschoben;8;2012-12-24T12:40:54;16;5;
face a face;gegenüber;8;2013-01-05T16:43:47;4;17;
Je n'arrive pas à me decider à demenager;Ich kann mich nicht dazu entschließen umzuziehen;1;2013-01-09T18:32:17;0;1;
le defenseur;der Verteidiger;8;2013-01-03T22:31:17;5;16;
Il en a rien a faire des gens;Er hat keinen bock auf die Leute;8;2013-01-05T16:45:58;4;17;
circuler;kursieren;8;2012-12-25T11:39:23;15;6;
l'offre;das Anbieten;6;2013-01-09T18:29:43;0;8;
creer, edifer, fonder;begründen;6;2013-01-05T16:47:49;4;4;
polluant;umweltschädlich;3;2013-01-09T18:29:52;0;2;
Cette cravate va bien avec ta chemise;Diese Krawatte paßt gut zu deinem Hemd;2;2013-01-09T18:31:43;0;1;
defendre, maintenir; wahren;8;2012-12-31T14:48:10;9;12;
même;Sogar;9;2013-01-08T17:41:32;1;33;
expirer,  arriver à échéance;ablaufen;9;2013-01-08T00:01:14;1;33;
inéluctable;unvermeidbar;6;2013-01-06T21:57:16;2;6;
Je te félicite de ce succè;Ich gratuliere dir zu diesem Erfolg;1;2013-01-09T20:01:38;0;1;
la chiasse;der Durchfall;9;2013-01-08T00:01:19;1;33;
faire la gueule;spielen die beleidigte;3;2013-01-09T18:28:00;0;2;
le printemps;der Frühling;9;2013-01-08T00:00:17;1;33;
exterminer;ausroten;9;2013-01-08T00:08:42;1;33;
le paysan;der bauer;9;2013-01-06T18:11:15;3;31;
Le parlement doit désormais approuver la nomination des hauts serviteurs de l'État;Der Ernennung hoher Staatsbediensteter soll künftig das Parlament zustimmen;2;2013-01-09T00:34:50;0;1;
tous les membres du club ont participé à l'action;alle mitglieder des Vereins haben sich an der Aktion beteiligt;4;2013-01-08T18:50:43;1;2;
stocker, consigner;lagern;6;2013-01-05T16:47:52;4;4;
franc, sincere;aufrichtig;7;2013-01-04T15:56:09;5;8;
l'atmosphere;die Stimmung;8;2012-12-29T16:20:48;11;10;
un apercu;die Vorschau;1;2013-01-09T18:27:30;0;1;
la curiosite;die Neugier;7;2013-01-01T20:22:22;8;5;
l'information;die Benachrichtigung;5;2013-01-08T18:52:50;1;4;
Attends un peu que je t'attrape;Warte nur, wenn ich dich erwische;5;2013-01-08T18:51:03;1;4;
arrivées et départs des trains;Ankunft und Abfahrt der Züge;7;2013-01-04T15:59:04;5;8;
empfohlen;recomandé;3;2013-01-08T00:04:33;1;1;
jeudi;donnerstag;3;2013-01-09T00:33:23;0;2;
couvrir, caché;bedecken;7;2013-01-04T15:54:36;5;8;
prouver;beweisen;6;2013-01-06T21:59:33;2;6;
Le plus grand peintre de notre temps;Der größte Maler unserer zeit;5;2013-01-09T18:27:51;0;5;
dans ce cas présent;im vorliegenden fall;6;2013-01-06T21:56:36;2;6;
Je tiens beaucoup à elle;ich hänge sehr an ihr;4;2013-01-08T00:04:29;1;2;
choisi;ausgesucht;8;2012-12-26T11:18:33;14;7;
la loi mathematique, la propriete mathematique;das Gesetz;8;2012-12-31T14:44:56;9;12;
Qu'est ce qui est en jeu?;Was steht auf dem Spiel?;7;2012-12-31T14:18:48;9;4;
taper sur;schlagen;8;2013-01-05T16:51:56;4;17;
Il etait pale de frayeur;er war blaß vor Angst;5;2013-01-08T17:43:03;1;4;
J'y reste;Ich bleibe dort;8;2013-01-08T00:10:09;1;20;
se joindre a (un groupe);mitmachen;7;2012-12-31T14:19:07;9;4;
infecté;verseucht;8;2013-01-03T22:34:08;5;16;
commencer;anfangen;9;2013-01-02T17:01:19;7;27;
parler sans être interrompu;ausreden;9;2013-01-08T00:06:20;1;33;
chemin balisé de randonnée;der Wanderweg;8;2013-01-03T22:34:44;5;16;
l'admirateur;der Verehrer;8;2012-12-24T12:40:12;16;5;
une tarte au fraise;die Erdbeertorte;8;2012-12-29T16:26:12;11;10;
attraper, absorber, amortir;auffangen;6;2013-01-09T18:33:23;0;8;
Ce matin le téléphone n'a pas cessé de sonner;Heute Morgen hat das Telefon dauernd geläutet;5;2013-01-08T17:43:22;1;4;
Quelle sont les alternatives pour vous?;Was für Alternativen gibt es für sie?;3;2013-01-08T00:10:02;1;1;
excellent;ausgezeichnet;4;2013-01-08T00:03:27;1;2;
la meme;derselbe;7;2013-01-04T15:58:07;5;8;
briller, sembler;scheinen;9;2013-01-08T00:17:33;1;33;
sortir;ausgehen;9;2013-01-08T00:17:07;1;33;
berner;reinlegen;8;2013-01-05T16:49:24;4;17;
aimer, apprecier;schätzen;8;2012-12-31T14:24:56;9;12;
adimirer, reverer;verehren;7;2013-01-09T19:39:10;0;13;
un couple;das Paar;8;2013-01-03T22:39:29;5;16;
activer, allumer, enclencher;einschalten;8;2012-12-29T16:38:52;11;10;
il est passé devant moi sans me saluer;er ist an mir vorbeigegangen, ohne mich zu grüßen;1;2013-01-09T20:05:04;0;1;
faire du velo;radeln;8;2012-12-24T12:39:40;16;5;
Il m'arrive des fois d'oublier de fermer la porte à clef;Es passiert mir manchmal, dass ich vergesse, die Tür abzuschließen;1;2013-01-09T18:53:09;0;1;
bénévolement;ehrenamtlich;5;2013-01-08T17:41:46;1;4;
du coup;daher;8;2012-12-25T11:50:21;15;6;
Qu'est-ce qu'il veut au juste?	;Was will er denn eigentlich?;4;2013-01-09T19:00:56;0;3;
derrière;nach hinten;8;2012-12-25T11:48:52;15;6;
c'est l'enfer;es ist die hölle los;1;2013-01-09T19:57:21;0;1;
le jus de raisin;der Traubensaft;8;2013-01-03T22:37:03;5;16;
Qui peut boire le plus?;Wer kann am meisten trinken?;8;2013-01-03T22:40:05;5;16;
vers le sud;nach Süden;8;2012-12-25T11:51:05;15;6;
J'ai réussi à le persuader;Es ist mir gelungen, ihn zu überzeugen;1;2013-01-09T19:50:10;0;1;
c'est pourquoi;deswegen;7;2013-01-08T18:50:08;1;12;
Ma mere est plus jeune que sa cousine;Meine Mutter ist jünger als ihre Kusine;7;2013-01-01T20:26:10;7;6;
la dispute;der Streit;6;2013-01-02T17:02:06;7;1;
l´emploi, l´occupation;die Beschäftigung;3;2013-01-09T18:57:37;0;2;
ecoeurant;eklig;3;2013-01-08T00:13:07;1;1;
Occupe-toi de tes oignons;Kümmer Dich um Deinen eigenen Kram;5;2013-01-08T17:42:39;1;4;
gogol;bescheuert;4;2013-01-08T18:52:38;1;2;
le petit garcon est tributaire de notre aide;der kleine junge ist auf unsere hilfe angewiesen;3;2013-01-09T18:51:23;0;2;
tu ne peux quand meme pas aller si loin a pied! Je prefere t'y emmener en voiture;Du kannst doch nicht so weit zu Fuß gehen! Ich fahre dich lieber dorthin;6;2013-01-05T16:49:20;4;4;
Le vendeur voulait me persuader d'acheter cette voiture;Der Verkäufer wollte mich dazu überreden, diesen Wagen zu kaufen;2;2013-01-09T18:33:20;0;1;
se réchauffer;sich erwärmen;9;2013-01-08T00:14:40;1;33;
alterner, changer;wechseln;7;2013-01-01T20:23:16;8;5;
la precision;die Hinweise;9;2013-01-08T00:14:35;1;33;
le contrat;der Vertrag;8;2012-12-25T11:51:17;15;6;
il est jaloux de ses succès (d'une femme);er ist eifersüchtig auf ihre erfolge;4;2013-01-08T00:16:13;1;2;
calme;still;8;2012-12-24T12:38:56;16;5;
tutoiement;duzen;8;2013-01-03T22:53:24;5;16;
maitrisable;beherrschbar;6;2013-01-05T16:51:25;4;4;
enlever (ses vêtements);ausziehen;2;2013-01-09T18:57:26;0;1;
l´identification;das Erkennen;8;2012-12-26T11:17:04;14;7;
intelligent;gescheit;1;2013-01-09T18:58:38;0;1;
Es klappt nicht zwischen ihnen;Ça ne colle pas entre eux;3;2013-01-08T00:22:11;1;1;
je suis decidé a faire ce voyage;ich bin zu dieser reise entschlossen;3;2013-01-08T00:23:27;1;1;
la chaleur;die Hitze;8;2013-01-05T16:53:37;4;17;
la rumeur;Das Gerücht;8;2012-12-24T12:40:18;16;5;
un saut perilleux, une galipette;der Purzelbaum;7;2012-12-31T14:29:27;9;4;
émigrer quelque part	;irgendwohin auswandern;6;2013-01-02T17:01:42;7;1;
la neige;der Schnee;8;2012-12-24T12:40:01;16;5;
le danger;die Gefahr;2;2013-01-09T18:32:29;0;1;
le coup d'envoi;der Anpfiff;5;2013-01-08T17:41:37;1;4;
déménager;ausziehen;8;2012-12-24T12:39:05;16;5;
l'ecran;der Bildschirm;5;2013-01-04T21:44:08;4;1;
un jour ou l'autre;irgendwann;9;2013-01-08T00:23:15;1;33;
la salle de musculation;der Fitnessraum;6;2013-01-06T21:56:58;2;6;
mon oeil;so ein Quatsch;9;2013-01-08T00:22:44;1;33;
Je suis heureux de ton succès;Ich bin glücklich über deinen Erfolg;1;2013-01-09T19:40:03;0;1;
augmenter le volume;die lautstärke lauter stellen;5;2013-01-08T17:43:58;1;4;
n'y pense pas;Denk nicht daran;5;2013-01-04T21:43:10;4;1;
encombrer;überfüllen;8;2013-01-09T18:53:16;0;21;
Ce n'etait qu'une plaisanterie;Das war nur Spaß;7;2013-01-04T16:01:22;5;8;
la verité;die Wahrheit;8;2013-01-05T16:54:45;4;17;
ils sont survecu a la catastrophe;Sie haben die Katastrophe überlebt;5;2013-01-08T18:53:01;1;4;
le gardien de but;der Torwart;8;2012-12-24T12:39:57;16;5;
s'imaginer;vorstellen;8;2012-12-24T12:39:44;16;5;
garder, retenir;Behalten;7;2013-01-04T16:05:07;5;8;
par souci des convenances;anstandshalber;6;2013-01-05T16:55:32;4;4;
pour un certain temps,  passagèrement;vorübergehend;3;2013-01-09T18:32:25;0;2;
le natif de Berlin;der gebürtige Berliner;8;2012-12-24T12:40:44;16;5;
cataclysmique;vernichtend;7;2013-01-01T20:30:22;7;6;
grossir, exgérer;übertreiben;7;2013-01-04T16:02:23;5;8;
fidele, petante;genau;8;2012-12-25T11:57:08;15;6;
normalement, d'habitude;normalerweise;5;2013-01-09T18:57:32;0;5;
le cerveau;die Gehirn;8;2012-12-24T12:50:44;16;5;
surtout;vor allem;8;2012-12-31T14:30:24;9;12;
Plus les clients sont riche, plus ils sont pervert;Je Reicher die Gäste, desto perverser;6;2013-01-05T16:54:04;4;4;
le velours;der Samt;7;2013-01-08T17:42:47;1;12;
être plein à craquer;Gerammelt voll sein;5;2013-01-08T18:50:52;1;4;
en parlant couramment l'allemand, tu peux briguer un poste en Allemagne;Wenn du fließend Deutsch sprichst, kannst du dich um einen posten in Deutschland bewerben;5;2013-01-04T21:43:46;4;1;
capter, recevoir, accueillir;empfangen;8;2012-12-21T22:14:02;18;3;
une exhortation;die Ermahnung;5;2013-01-09T18:57:43;0;5;
la poetesse;die dichterin;8;2012-12-26T11:11:54;14;7;
se passer, se produire;geschehen;8;2013-01-04T16:11:43;5;16;
se lamenter;jammern;8;2012-12-26T11:18:27;14;7;
la soie;die Seide;7;2013-01-08T18:51:18;1;12;
le courreur de jupon;der Schürzenjäger;8;2013-01-05T16:54:39;4;17;
une arme a feu;die Schusswaffe ;4;2013-01-08T18:52:34;1;2;
Plus il y a de téléspectateurs plus le spot publicitaire coûte cher;Je größer die Zuschauerzahlen, desto teurer ist der Werbespot;4;2013-01-08T00:23:08;1;2;
La chaleur est accablante;Es ist unerträglich heiß;5;2013-01-04T21:44:02;4;1;
vendredi;freitag;5;2013-01-09T19:47:55;0;5;
l'etiquette;das Preisschild;4;2013-01-09T19:40:47;0;3;
considéré;angesehen;8;2012-12-24T12:42:58;16;5;
Je m'y attends;Ich bin darauf gefaßt;2;2013-01-09T18:58:31;0;1;
au moins, au minima, pour le moins;zumindest;3;2013-01-08T00:22:02;1;1;
Tu faut que tu ecoutes ce disque;Du mußt dir diese platte anhören;2;2013-01-09T18:58:02;0;1;
Nous ne pouvons rien changer à cette situation;wir können an dieser lage nichts ändern;2;2013-01-09T19:22:05;0;1;
Vousvoiement;Siezen;8;2013-01-05T16:57:36;4;17;
Cela me fait plaisir;Das macht mir Spaß;4;2013-01-08T18:53:27;1;2;
l'assurance;die versicherung;4;2013-01-08T18:51:10;1;2;
sans souci;unbeschwert;6;2013-01-09T19:21:34;0;8;
la fleur;die Blüte;3;2013-01-08T00:28:40;1;1;
payer;zahlen;9;2013-01-03T00:21:02;6;28;
il jouit de la vie;er genießt das leben;7;2013-01-08T18:49:56;1;12;
au total;zusammengezählt;8;2012-12-24T12:52:11;16;5;
l'habitude, la coutume;die Gewohnheit;3;2013-01-08T00:26:45;1;1;
constament;ständig;6;2013-01-01T20:31:52;7;1;
costume traditionelle;dirndl;9;2013-01-09T19:51:12;0;34;
un jeu de societe;das Gesellschaftsspiel;2;2013-01-09T19:49:19;0;1;
Célèbre;berühmt;8;2012-12-25T12:37:59;15;6;
le retour (action de retourner quelque chose);die rückgabe;7;2013-01-01T20:55:40;7;6;
La croissance s'accélère;Das Wachstum zieht an;1;2013-01-08T21:30:55;0;1;
ressembler;ähnlich sehen;8;2012-12-31T14:43:40;9;12;
C'est l'arnaque;Das ist Betrug;6;2013-01-01T20:35:58;7;1;
s´appliquer a;fleißig sein;8;2012-12-24T12:52:19;16;5;
le service civile;der Zivildienst;8;2013-01-05T17:01:39;4;17;
les annonces, les nouvelles;die meldungen;5;2013-01-08T18:55:44;1;4;
maintenant, alors, or;nun;8;2012-12-24T12:41:12;16;5;
Tu as mérité ta punition;Du hast die Strafe verdient;6;2013-01-06T21:57:43;2;6;
Il m'a envoyé une longue lettre;Er schickte mir einen langen Brief;3;2013-01-08T00:23:39;1;1;
la couche d'ozone;die Ozonschicht;8;2013-01-05T17:03:22;4;17;
effectivement;in der Tat;8;2012-12-24T12:40:59;16;5;
Il est évident qu'il a peur d'un scandale;Es ist offenbar, dass er sich vor einem Skandal fürchtet;5;2013-01-04T21:44:38;4;1;
oblique, de travers;schief;8;2012-12-24T12:54:51;16;5;
la brochure;das Heft;5;2013-01-05T17:59:54;4;1;
l'envoie;der Versend;7;2013-01-04T16:06:05;5;8;
une defaillance parielle;der Teilausfall;6;2013-01-01T20:34:27;7;1;
nommé;genannt;8;2012-12-25T12:46:00;15;6;
la priorité;die Gewichtung;4;2013-01-08T21:31:57;0;3;
la couille molle;das Weichei;7;2013-01-01T20:32:37;7;6;
completement, absolument;völlig;8;2012-12-24T12:41:09;16;5;
Cette villa n'est pas aussi cher que celle la;Diese villa ist nicht so teuer wie jene;7;2013-01-04T16:05:26;5;8;
autant pour nous;wir haben uns geirrt;6;2013-01-09T19:33:44;0;8;
en nageant il a bu trois fois la tasse;beim schwimmen hat er dreimal Wasser geschluckt;5;2013-01-09T19:40:22;0;5;
en profondeur;gründlich;6;2013-01-02T18:20:34;7;1;
le code de banque;die bankleitzahl;6;2013-01-05T17:00:19;4;4;
unheimlich;vachement;8;2013-01-04T16:08:26;5;16;
Y a-t-il des travaux en cours ?	;Gibt es derzeit Baustellen?;5;2013-01-09T18:28:40;0;5;
l'abattage (arbre);das Fällen;5;2013-01-08T22:02:35;0;5;
le devoir, l´obligation;die Pflicht;5;2013-01-05T17:02:13;4;1;
je manque toujours de temps;es fehlt mir immer an zeit;4;2013-01-08T18:54:58;1;2;
la premiere pierre, la fondation;der Grundstein;5;2013-01-06T22:58:11;2;3;
suporter quelque chose;ertragen;6;2013-01-09T19:25:43;0;8;
je suis curieux de savoir ce qui va se passer maintenant;ich bin darauf gespannt, was jetzt geschehen wird;5;2013-01-09T19:33:30;0;5;
Et que cela ne se reproduise pas;Und dass es nicht wieder vorkommt;3;2013-01-08T00:29:03;1;1;
la personne en question;der Betreffende;7;2012-12-31T14:57:03;9;4;
C'est trop de la balle;Das ist der Hammer;9;2013-01-09T19:48:07;0;34;
Tu devrais y renoncer;Du solltest darauf verzichten;5;2013-01-05T17:59:26;4;1;
le cercle des connaissances;der Bekanntenkreis;8;2012-12-26T11:18:48;14;7;
selon;gemäß;8;2012-12-25T12:47:40;15;6;
pays natal;die Heimat;8;2012-12-25T12:47:59;15;6;
le refugié;der Flüchtling;5;2013-01-05T17:58:47;4;1;
l´intuition, la premonition;die Vorahnung;6;2013-01-05T17:04:00;4;4;
greloter;bibbern;7;2013-01-04T16:05:11;5;8;
motif, cause;Anlass;8;2012-12-24T12:41:41;16;5;
la gomme;der Radiergummi;1;2013-01-08T21:36:12;0;1;
On n'a malheureusement pas pu l'éviter;Das ließ sich leider nicht vermeiden;3;2013-01-09T19:23:32;0;2;
le poéme;das Gedicht;7;2012-12-31T14:52:22;9;4;
la date;der Zeitpunkt;6;2013-01-09T19:43:44;0;8;
record boursier;Rekord an der Börse;6;2013-01-05T17:05:59;4;4;
le divorce;die Scheidung;6;2013-01-05T17:04:33;4;4;
Il a profité de l'occasion pour;Er nahm die Gelegenheit wahr um;1;2013-01-09T19:59:25;0;1;
se facher contre quelqu'un;mit jemandem schimpfen;5;2013-01-05T18:02:20;4;1;
semblable;ähnlich;9;2013-01-09T19:25:23;0;34;
l'invasion;der Einmarsch;8;2013-01-08T00:28:35;1;20;
une blessure perforante;die Stichverletzung;6;2013-01-09T19:35:31;0;8;
Aprés ce dur travail il a besoin de repos;Nach dieser schweren Arbeit braucht er Erholung;6;2013-01-05T17:04:58;4;4;
aprivoiser, dompter;bezwingen;8;2012-12-24T13:06:50;16;5;
craquer une allumette;ein Streichholz anstecken;4;2013-01-08T18:54:48;1;2;
surveiller quelqu'un;auf jemanden passen;6;2013-01-05T17:07:49;4;4;
la foi transporte les montagnes;der Glaube versetzt Berge;2;2013-01-09T19:50:20;0;1;
l´aviation;die Luftfahrt;8;2012-12-31T15:04:05;9;12;
mignon;goldig;9;2013-01-08T00:28:52;1;33;
la description;die Beschreibung;8;2012-12-25T12:55:54;15;6;
caraibe;karibisch;2;2013-01-09T19:48:01;0;1;
Elle s'est saignée aux quatre veines pour que son fils puisse finir ses études;Sie hat sich die größten Opfer auferlegt, damit ihr Sohn sein Studium beenden konnte;1;2013-01-08T21:41:19;0;1;
le buteur;der Stürmer;2;2013-01-09T19:51:05;0;1;
purement professionelle;rein geschäftlich;1;2013-01-09T19:41:00;0;1;
littéralement;buchstäblich;6;2013-01-02T18:19:17;7;1;
l'erreur (lat);der Irrtum;8;2012-12-31T15:03:52;9;12;
Mon oncle m'a invité à un voyage;Mein Onkel hat mich zu einer Reise eingeladen;2;2013-01-09T19:25:16;0;1;
vieillir;älter machen;8;2013-01-05T17:06:07;4;17;
durable;nachhaltig;8;2013-01-05T17:06:22;4;17;
lamentable;kläglich;5;2013-01-06T22:58:19;2;3;
pour une fois;ausnahmsweise;6;2013-01-06T21:57:27;2;6;
responsable;verantwortlich;8;2013-01-04T16:09:28;5;16;
magnifique;herrlich;8;2013-01-04T16:10:51;5;16;
contourner;unterlaufen;7;2013-01-01T20:39:42;7;6;
le tour de poitrine;die Oberweite;2;2013-01-09T19:40:29;0;1;
tenir une promesse	;ein Versprechen einlösen;4;2013-01-08T00:34:14;1;2;
supliand;flehend;6;2013-01-06T22:00:04;2;6;
meme;sogar;4;2013-01-08T00:31:10;1;2;
agresser, assaillir;angreifen;4;2013-01-08T21:32:42;0;3;
cette machine n'est pas appropriée à ce travail;diese maschine ist zu dieser arbeit nicht geeignet;3;2013-01-09T20:01:27;0;2;
mes plus beaux souvenirs de vacances;Meine schönsten Ferienerinnerungen;5;2013-01-05T17:59:46;4;1;
finalement;schließlich;2;2013-01-09T19:46:09;0;1;
Elle préfére boire du vin blanc que du vins rouge;Sie trinkt lieber weißwein als Rotwein;4;2013-01-08T18:59:10;1;2;
la condition, l´etat;der Zustand;7;2012-12-31T14:56:58;9;4;
la passion;die Leidenschaft;4;2013-01-08T18:54:02;1;2;
exulter;jubeln;8;2012-12-31T15:03:47;9;12;
recomandé;empfohlen;8;2012-12-31T15:00:45;9;12;
la peur;die Angst;6;2013-01-09T19:50:31;0;8;
le trottoir;der Gehweg;6;2013-01-05T17:10:17;4;4;
Elle bavarde des heures durant avec la voisine;Sie quatscht stundenlang mit der Nachbarin;1;2013-01-08T21:32:35;0;1;
aller au vert;Ins grüne fahren;8;2012-12-27T15:53:27;13;8;
l´entreprise;das Unternehmen;8;2012-12-25T12:57:30;15;6;
confortable;gemütlich;7;2013-01-08T21:29:26;0;13;
atendre;abwarten;7;2013-01-04T16:10:55;5;8;
à travers;dadurch;8;2012-12-26T11:18:23;14;7;
espace cosmique, univers;der Weltraum;9;2013-01-09T19:49:25;0;34;
se demener;toben;6;2013-01-05T17:08:39;4;4;
l´accalmie;die Windstille;7;2012-12-31T15:10:55;9;4;
Je suis du meme avis;Ich bin derselben meinung;3;2013-01-09T19:43:37;0;2;
elle s'approcha en chantant;Sie kam singend herbei;5;2013-01-09T19:50:40;0;5;
en face;nach vorne;7;2013-01-08T18:56:57;1;12;
se briser;zerreißen;3;2013-01-09T19:50:27;0;2;
evident, formel;eindeutig;4;2013-01-08T00:32:40;1;2;
l'exigence, la revendication;der Anspruch;7;2013-01-01T20:44:19;7;6;
Luise est aussi adroite que sa soeur;Luise ist so geschickt wie ihre Schwester;7;2012-12-31T15:11:14;9;4;
chercher quelqu'un du regard;sich nach jemandem umsehen;5;2013-01-09T19:49:55;0;5;
message decrit;beschriebene Nachricht;7;2013-01-08T21:31:47;0;13;
respirer;schnaufen;6;2013-01-06T21:57:09;2;6;
je ne suis pas capable d'un tel acte;zu einer solchen tat bin ich nicht fähig;4;2013-01-08T00:32:31;1;2;
le thermomètre;das Thermometer;6;2013-01-09T19:49:44;0;8;
l'innocent;der Unschuldige;6;2013-01-01T21:14:41;7;1;
la temperature est de moins 5 degrés;die Temperatur liegt bei minus 5 Grad;3;2013-01-09T19:54:06;0;2;
presque;nahezu;9;2013-01-08T00:33:39;1;33;
Comment pouriez vous decrire Berlin en un mot?;Wie würdest du Berlin mit einem Wort beschreiben?;3;2013-01-08T21:32:13;0;2;
certes;zwar;8;2012-12-25T13:08:28;15;6;
se marier;heiraten;7;2012-12-31T15:11:37;9;4;
rien ne se passe;tote hose;7;2013-01-01T20:39:48;7;6;
ça m'arrange (arrangement temporel);das kommt mir gelegen;1;2013-01-08T22:09:58;0;1;
Qu'est ce qui t'as donc incité à changer de métier?;Was hat dich denn dazu veranlaßt deinen Beruf zu wechseln?;1;2013-01-08T21:40:52;0;1;
se moquer de qn;jemanden auslachen;5;2013-01-08T18:58:37;1;4;
l´affluence;der Andrang;7;2013-01-04T16:10:13;5;8;
dupliquer;doppeln;8;2012-12-26T11:18:41;14;7;
la fete d´anniversaire;die Geburstagsfeier;1;2013-01-08T21:39:50;0;1;
un escargot;die Schnecke;3;2013-01-08T21:29:54;0;2;
le virement;die Überweisung;5;2013-01-08T21:29:33;0;5;
l'annonce, la nouvelle;die meldung;5;2013-01-08T21:29:48;0;5;
etre embarassé par quelqu'un;für jemanden unangenehm sein;6;2013-01-02T18:19:12;7;1;
etroit;schmal;8;2012-12-25T13:10:28;15;6;
sale;dreckig;4;2013-01-08T22:01:00;0;3;
l'averse;der Regenschauer;5;2013-01-08T21:38:41;0;5;
l'intention;die Absicht;6;2013-01-06T21:58:51;2;6;
la balance commerciale est négative;Die Handelsbilanz ist negativ;4;2013-01-08T21:35:40;0;3;
la température;die Temperatur;7;2012-12-31T15:18:04;9;4;
la consigne;der Einsatz;8;2013-01-04T16:10:38;5;16;
un volume, un tome;der Band;8;2012-12-22T12:22:04;18;3;
par exemple;zum Beispiel;9;2013-01-09T20:00:41;0;34;
l'adieux;der Abschied;8;2012-12-25T13:20:59;15;6;
la vie quotidienne;der Alltag;3;2013-01-09T20:01:03;0;2;
l´affichage;die Anzeige;3;2013-01-08T21:30:01;0;2;
Il faut se tenir à quelques mètres de distance de cet appareil;Man muss sich einige Meter entfernt von diesem Apparat halten;6;2013-01-01T20:45:26;7;1;
une plante en pot;die Topfplanze;3;2013-01-08T00:36:02;1;1;
pueril;kindisch;8;2013-01-09T19:40:33;0;21;
le climat;das Klima;9;2013-01-03T00:21:06;6;28;
delicat;zierlich;7;2012-12-31T15:18:12;9;4;
autorisé;erlaubt;9;2013-01-03T00:20:36;6;28;
la provision;die Deckung;8;2013-01-05T17:21:18;4;17;
Il a tendance a oublier ses erreurs;Er neigt dazu, seine Fehler zu vergessen;1;2013-01-08T22:04:23;0;1;
la majorité;die mehrheit;8;2013-01-04T16:21:42;5;16;
faire le marche à pied;wandern;6;2013-01-09T19:57:49;0;8;
le mur;die Wand;7;2012-12-31T15:17:30;9;4;
il me rendit attentif a ce probleme;er machte mich auf dieses problem aufmerksam;2;2013-01-08T21:35:04;0;1;
Ne fais pas de connerie;Mach keinen Mist;8;2012-12-25T13:18:02;15;6;
le canon;der kanon;8;2012-12-25T13:06:41;15;6;
la liberté d'expression;die freie meinungsbildung;1;2013-01-08T21:38:36;0;1;
Elle m'a prêté sa voiture mais elle a oublié de me donner les clés;Sie hat mir ihr Auto ausgeliehen, wobei sie vergessen hat, mir den Schlüssel zu geben;4;2013-01-08T21:39:39;0;3;
de façon claire et nette;klar und deutlich;5;2013-01-09T19:59:00;0;5;
enceinte;schwanger;7;2012-12-31T15:16:01;9;4;
Le tableaux le plus ancien et le plus interessant de Dürer est à voir à Nuremberg;Das älteste und interessanteste Gemäld von Dürer ist in Nürenberg zu sehen;7;2013-01-04T16:20:39;5;8;
quelles que soient les circonstances;unter allen Umständen;3;2013-01-08T21:39:08;0;2;
la gymnastique;das Turnen;7;2013-01-04T16:21:37;5;8;
Le jeune député fut nommé Ministre;Der junge Abgeordnete wurde zum Minister ernannt;1;2013-01-08T22:02:02;0;1;
la voile;das Segel;7;2013-01-01T20:14:54;8;5;
accroitre;steigern;6;2013-01-06T21:57:33;2;6;
toucher;anfassen;6;2013-01-02T17:00:28;7;1;
le réchauffement climatique;die Erwärmung;8;2013-01-09T19:58:48;0;21;
la performance, le rendement;die Leistung;9;2013-01-09T19:54:43;0;34;
ici nous sommes a l'abri des voleurs;hier sind wir vor dieben sicher;5;2013-01-08T21:38:25;0;5;
article XV de la constitution;Paragraph XV der Verfassung;7;2013-01-04T16:21:17;5;8;
s'associé à quelque chose;mit etwas gepaart sein;7;2013-01-08T21:38:53;0;13;
c'est mieux;das ist besser;8;2013-01-04T16:21:28;5;16;
le Gemissement;das Gestöhne;8;2013-01-09T20:05:10;0;21;
etre en suspens;anstehen;7;2013-01-01T20:45:00;7;6;
pourquoi es tu faché contre moi?;warum bist du böse auf mich?;5;2013-01-08T21:31:38;0;5;
la terminaison;die Endung;8;2013-01-04T16:15:54;5;16;
la conversation;die Unterhaltung;7;2013-01-04T16:21:24;5;8;
elle ne sait pas comment se debarrasser de lui;sie weiß nicht, wie Sie ihn loswerden soll;6;2013-01-09T19:57:45;0;8;
persister dans son opinion;unbeirrt an seiner Meinung festhalten;3;2013-01-08T22:01:13;0;2;
l'haleine, le soufle;der Hauch;8;2013-01-04T16:21:46;5;16;
recevoir, obtenir;bekommen;9;2013-01-08T21:39:42;0;34;
la production;die Herstellung;8;2013-01-05T17:18:51;4;17;
l'application Windows;die Windows-Anwendung;5;2013-01-08T17:44:20;1;4;
ta gueule;halt die Klappe;9;2013-01-08T21:35:26;0;34;
une montagne;das Gebirge;4;2013-01-08T21:37:00;0;3;
la recrue;der Neuzugang;6;2013-01-09T19:57:54;0;8;
cité, invoqué;angeführt;5;2013-01-06T22:56:59;2;3;
le fait d etre amoureux;die Verliebtheit;7;2012-12-31T15:22:43;9;4;
établir;aufstellen;7;2012-12-31T15:22:57;9;4;
grandiloquant;hochtrabend;8;2012-12-25T13:21:20;15;6;
ce n'est pas la mer à boire (etre pas grave);das ist gar nicht so schlimm;4;2013-01-08T21:37:11;0;3;
aller à toute allure;Rasen;5;2013-01-08T21:35:29;0;5;
il est pret a tout;er ist zu allem bereit;5;2013-01-08T22:02:43;0;5;
les energies renouvelables;die erneuerbaren Energien;4;2013-01-08T22:00:57;0;3;
Je passerai vous prendre vers huit heures;Ich komme gegen 8 Uhr vorbei, um Sie abzuholen;6;2013-01-09T19:58:28;0;8;
le chaufage;Die Beheizung;6;2013-01-01T20:53:49;7;1;
la determination;die Zielstrebigkeit;5;2013-01-05T17:58:40;4;1;
le son;der Schall;6;2013-01-01T20:37:22;7;1;
valoir le coup;sich lohnen;8;2012-12-25T13:21:42;15;6;
en resumé;insgesamt;8;2012-12-25T13:27:17;15;6;
bete, idiot;blödsinnig;8;2013-01-08T21:57:28;0;21;
faire un reportage sur;berichten über;5;2013-01-08T21:57:20;0;5;
ne pas avoir froid aux yeux;frech sein;5;2013-01-08T21:40:15;0;5;
enchanter, impressioner;begeistern;7;2012-12-31T15:23:05;9;4;
Il les embrasse;Er umarmt sie;1;2013-01-08T22:10:08;0;1;
De plus en plus de sociétés privilégient les demandes d'emploi par Internet;Immer mehr Firmen ziehen Online-Bewerbungen vor;6;2013-01-05T17:22:41;4;4;
sauter une classe;übersprungen;8;2012-12-26T11:19:15;14;7;
observer;beobachten;8;2012-12-25T13:31:37;15;6;
la propriété;das Anwesen;3;2013-01-08T21:57:14;0;2;
Il fait partie de nos amis;Er gehört zu unseren Freunden;1;2013-01-08T22:06:29;0;1;
je n'y arrive pas;Ich komme nicht dazu;7;2013-01-04T16:29:08;5;8;
sec;trocken;9;2013-01-08T21:32:17;0;34;
Nous avons regarder la telé hier soir;Wir haben gestern abend ferngesehen;7;2012-12-31T15:26:13;9;4;
On lui a pris tous ses bijoux;Man hat ihr ihren ganzen Schmuck weggenommen;1;2013-01-08T23:54:43;0;1;
Un stylo sert à ecrire;Ein Füller dient zum Schreiben;1;2013-01-08T21:58:35;0;1;
le besoin;der Bedarf;8;2012-12-25T13:27:40;15;6;
conscient;bewußt;4;2013-01-08T22:01:42;0;3;
influence, emprise;Einfluss;7;2013-01-09T19:55:23;0;13;
la retraite;der ruhestand;8;2013-01-05T17:22:15;4;17;
glühend;ardemment;8;2012-12-31T15:38:44;9;12;
probable;vermutlich;7;2012-12-31T15:26:17;9;4;
Roman court aussi vie que son frere;Roman läuft so schnell wie sein Brüder;8;2013-01-04T16:24:55;5;16;
l'intelligent;der Kluge;8;2013-01-08T22:01:37;0;21;
remettre, rendre (vomir);übergeben;7;2013-01-04T16:29:46;5;8;
le crochet;der Hacken;6;2013-01-02T18:20:28;7;1;
singulier, marrant;eigenartig;4;2013-01-09T20:05:51;0;3;
pleurer;weinen;8;2013-01-05T17:21:58;4;17;
On y vas;Los;8;2013-01-09T20:02:53;0;21;
le clou;der Nagel;8;2013-01-04T16:36:03;5;16;
Je connais Tübingen comme ma poche: j'y ai habité tois ans;Ich kenne mich in Tübingen aus: ich habe dort drei Jahre gewohnt;7;2013-01-08T22:00:05;0;13;
il lit le journal de A a Z;er liest die zeitung ausführlich;7;2013-01-08T22:01:27;0;13;
la pluie;der Regen;9;2013-01-03T00:21:14;6;28;
le milieu de terrain;der Mittelfeldspieler;8;2013-01-09T20:02:06;0;21;
Je suis contre l'energie nucleaire pour different raison;ich bin aus verschiedenen Gründen gegen Atomenergie;5;2013-01-08T22:07:01;0;5;
responsabiliser quelqu'un;jemandem seine Verantwortung bewußt machen;1;2013-01-08T23:56:20;0;1;
la position, l´emplacement, le site;der Standort;8;2013-01-09T20:19:12;0;21;
rendre visite a quelqu'un;bei jemandem vorbeischauen;6;2013-01-05T17:25:06;4;4;
der Beschluss;la decision;6;2013-01-09T20:01:42;0;8;
le butin;die beute;4;2013-01-08T22:10:01;0;3;
j'aimerais bien participer à cette fete;ich möchte gern an dieser party teilnehmen;5;2013-01-09T20:03:39;0;5;
inutile;nutzlos;9;2013-01-09T20:02:58;0;34;
ponctuelle;pünktlich;8;2013-01-09T20:19:06;0;21;
la zone d'extraction;das fördergebiet;5;2013-01-08T22:03:57;0;5;
le retard;die Verspätung;8;2013-01-04T16:24:41;5;16;
le lolo;der Busen;6;2013-01-09T20:02:45;0;8;
la colere;die Wut;6;2013-01-05T17:25:25;4;4;
on le reconnait bien à sa voix;man erkennt ihn gut an der Stimme;1;2013-01-08T22:15:00;0;1;
une critique partielle;die Einzelkritik;5;2013-01-05T17:59:07;4;1;
l´inverse;das Gegenteil;8;2012-12-31T15:41:53;9;12;
se rendre compte, remarquer, retenir;merken;8;2012-12-31T15:42:49;9;12;
en principe, fondamentalement;Grundsätzlich;5;2013-01-06T22:57:19;2;3;
gelé;eingefroren;8;2012-12-31T15:40:00;9;12;
le stylo;der Füller;8;2013-01-08T22:05:15;0;21;
Il était temps que chacun aille se coucher;Es war Zeit, dass jeder zu Bett ging;5;2013-01-08T22:05:31;0;5;
fondé;gegründet;7;2012-12-31T15:39:53;9;4;
l'apparence;das Aussehen;7;2013-01-01T21:00:28;7;6;
il a toujours été trés gentil avec moi;er war immer sehr nett zu mir;1;2013-01-08T22:13:33;0;1;
regulierement;regelmäßig;8;2012-12-22T12:47:20;18;3;
J'ai collé le timbre sur l'enveloppe;Ich klebte die Briefmarke auf den Umschlag;1;2013-01-08T22:10:43;0;1;
des broches;die Broschen;8;2012-12-25T13:36:04;15;6;
les membres (club);die Mitglieder;8;2012-12-25T13:36:22;15;6;
Je n'y peux rien;Ich kann nicht dafür;6;2013-01-05T17:32:16;4;4;
l'effet de serre;der Treibhauseffekt;5;2013-01-05T18:02:05;4;1;
l´affaire, la chose, l´enjeu;die Sache;7;2012-12-31T15:40:04;9;4;
Il doit faire un effort plus important;Er muss sich mehr anstrengen;5;2013-01-08T22:04:40;0;5;
timide, farouche;schüchtern;8;2012-12-25T17:55:26;15;6;
le comportement;das Verhalten;8;2012-12-22T12:49:43;18;3;
suposer;vermuten;8;2013-01-04T15:57:14;5;16;
se contracter, se crisper;anspannen;8;2013-01-03T22:31:59;5;16;
le feed-back;die rückmeldung;8;2013-01-04T16:36:09;5;16;
la sottise, la bettise;der Quatsch;9;2013-01-08T22:04:46;0;34;
le domaine, la region;das Gebiet;7;2013-01-04T16:25:07;5;8;
la lingerie;die Unterwäsche;5;2013-01-08T22:09:49;0;5;
l'entreprise;das Unternehmen;8;2012-12-25T13:35:08;15;6;
la musculation;das Krafttraining;1;2013-01-08T22:10:56;0;1;
On ne devrait pas s'en remettre au hasard;Man sollte die Dinge nicht dem Zufall überlassen;1;2013-01-08T22:14:18;0;1;
Vous voyez la bas la plus jeune de nos deux filles;Dort sehen Sie die jüngere unserer beiden Töchter;7;2013-01-04T16:28:52;5;8;
il apprend a lire aux enfants;er lehrt die kinder lesen;1;2013-01-09T00:05:36;0;1;
faire des messes basse;tuscheln;6;2013-01-09T20:03:43;0;8;
commuter;umschalten;8;2012-12-25T17:35:51;15;6;
ne te moque pas de moi;lach mich nicht aus;5;2013-01-08T22:13:41;0;5;
se reposer (récupérer ses forces);sich ausruhen;8;2012-12-25T17:35:47;15;6;
restant;verbleibend;5;2013-01-05T17:59:50;4;1;
se promener;spazierengehen;7;2013-01-08T22:10:14;0;13;
auf etwas verzichten;abandonner quelque chose;7;2013-01-04T16:24:19;5;8;
regretter;bedauern;1;2013-01-08T23:55:53;0;1;
le permis de conduire;der Führerschein;5;2013-01-05T18:02:49;4;1;
superieur;überragend;4;2013-01-08T22:10:26;0;3;
dissimulateur;heuchlerisch;7;2013-01-04T16:25:34;5;8;
efficace;effizient;8;2012-12-31T15:48:54;9;12;
etre de bonne foi;aufrichtig sein;9;2013-01-09T20:02:51;0;34;
resoudre;auflösen;8;2012-12-26T11:18:38;14;7;
la taille, la grandeur;die größe;5;2013-01-06T22:58:15;2;3;
la cotisation;der Beitrag;7;2012-12-31T15:44:48;9;4;
cesser, achever;aufhören;8;2013-01-08T22:11:02;0;21;
le moyen de transport;das Verkehrsmittel;6;2013-01-09T18:58:09;0;8;
il est rouge de honte;er ist rot vor Scham;1;2013-01-09T00:07:10;0;1;
J'avais des relations tendues avec lui;Ich stand in gespanntem Verhältnis zu ihm;4;2013-01-09T20:04:10;0;3;
favorable a l'environement;Umweltfreundlich;8;2013-01-04T16:28:11;5;16;
la demoiselle;das Fräulein;9;2013-01-09T20:02:11;0;34;
papoter;schwätzen;7;2012-12-31T15:44:30;9;4;
un agent d'affaires, un médiateur;der Vermittler;4;2013-01-08T22:10:22;0;3;
mercredi;mittwoch;4;2013-01-08T22:10:18;0;3;
arnaquer;abzocken;8;2013-01-03T22:35:13;5;16;
L'homme était en mauvaise forme;Der Mann war in schlechter Verfassung;5;2013-01-08T22:14:43;0;5;
se confier;sich anvertrauen;8;2012-12-25T17:58:28;15;6;
éclairer;leuchten;5;2013-01-09T20:01:47;0;5;
une blouse;die Bluse;9;2013-01-03T00:20:57;6;28;
le bistro;die Kneipe;7;2013-01-01T20:59:19;7;6;
examiner;prüfen;6;2013-01-01T20:57:47;7;1;
il m'a adressé la parole dans la rue;er hat mich auf der Straße angeredet;4;2013-01-09T19:35:06;0;3;
On est parvenu à un accord sur les règles de concurrence sur le marché allemand de l'énergie;Man hat eine Einigung über Wettbewerbsregeln für den deutschen Energiemarkt erzielt;3;2013-01-08T22:12:24;0;2;
Ma mémoire n'a pas failli.;Mein Gedächtnis hat mich nicht im Stich gelassen;6;2013-01-09T20:02:31;0;8;
tendre, contracter;spannen;9;2013-01-09T20:16:10;0;34;
le manque de provision;die fehlende Deckung;5;2013-01-06T22:57:46;2;3;
faux cu;hinterhältig;2;2013-01-08T22:11:08;0;1;
le remplacement;das Auswechseln;5;2013-01-06T22:57:10;2;3;
mouillé;nass;1;2013-01-08T22:10:47;0;1;
triple;dreifach;8;2012-12-27T15:36:54;13;8;
Elle descend l'escalier en courant;Sie läuft die treppe hinab;6;2013-01-03T00:00:25;6;2;
trop facile  (familier);pupen einfach;8;2013-01-05T17:59:35;4;17;
tenir bon;durchhalten;1;2013-01-09T20:13:35;0;1;
par coeur;auswendig;8;2013-01-04T16:28:04;5;16;
l´ accident;der Unfall;5;2013-01-08T23:55:57;0;5;
sowie;ainsi que;3;2013-01-08T23:56:03;0;2;
dépendant;abhängig;7;2013-01-04T16:27:57;5;8;
desservir;schlechten;8;2013-01-04T16:48:26;5;16;
des trois hommes c'est manfred qui cuisine le mieux;Von diesen drei Männern kocht Manfred am besten;8;2013-01-08T22:15:57;0;21;
le certificat;das zeugnis;6;2013-01-09T20:14:25;0;8;
court-circuiter;überbrücken;8;2013-01-04T16:31:45;5;16;
le motif;der Anlass;6;2013-01-02T23:58:03;6;2;
le pouce;der Daumen;6;2013-01-01T21:09:10;7;1;
congedier, debaucher;entlassen;8;2013-01-09T20:13:06;0;21;
Je voudrais d'abord préciser un point : L'Allemagne ne recherche pas de position hégémonique en Europe;Ich möchte zunächst klar machen, dass Deutschland keine Vormachtstellung in Europa anstrebt;1;2013-01-09T00:04:36;0;1;
photographier quelqu'un;jemanden ablichten;1;2013-01-09T00:06:15;0;1;
Les dés sont jetés;Das Würfel sind gefallen;7;2012-12-31T15:54:04;9;4;
faire signe a qq;sich winken herbei;8;2012-12-25T18:04:08;15;6;
amener qn;mitbringen;6;2013-01-05T17:40:13;4;4;
rimer;sich reimen;7;2013-01-04T16:52:16;5;8;
tu ne peux pas manger un si gros morceau de viande;Du kannst ein so großes Stück Fleisch doch nicht essen;2;2013-01-08T23:55:47;0;1;
apres de longue années, il est mort de cette maladie;nach langen jahren ist er an dieser krankheit gestorben;1;2013-01-09T00:03:36;0;1;
les enfants, la releve;der Nachwuchs;7;2013-01-04T16:51:54;5;8;
la brume;der Nebel;9;2013-01-03T00:21:11;6;28;
le petit-fils;das Enkelkind;6;2013-01-02T23:58:34;6;2;
le salaud;der Dreckskerl;8;2012-12-25T18:11:47;15;6;
appreciable;beachtlich;5;2013-01-05T17:59:16;4;1;
Une fois qu'il était parti, j'ai découvert qu'il avait oublié ses clés;Als er weg war, habe ich bemerkt, dass er seine Schlüssel vergessen hatte;1;2013-01-09T00:05:23;0;1;
la responsabilité;die Verantwortung;8;2013-01-04T16:33:45;5;16;
la repulsion;die abneigung;8;2013-01-04T16:32:52;5;16;
chez soi;daheim;8;2012-12-25T18:09:26;15;6;
à coté;neben;9;2013-01-09T20:14:09;0;34;
dépasser;überholen;8;2012-12-25T18:11:55;15;6;
ne pas prendre quelqu'un au sérieux;jemanden nicht für voll nehmen;9;2013-01-09T20:13:53;0;34;
le reproche;der Vorwurf;3;2013-01-08T23:58:17;0;2;
Rechercher et Developpement;Forschung und Entwicklung;9;2013-01-09T19:58:38;0;34;
le changement de place;die Versetzung;1;2013-01-09T00:00:52;0;1;
Ce jeune chercheur est surement destiné à une brillante carrière;dieser junge forscher ist sicher zu einer glänzenden Laufbahn bestimmt;1;2013-01-09T00:20:05;0;1;
le dessert;der Nachtisch;5;2013-01-05T17:58:56;4;1;
le coloriage;das Ausmalen;6;2013-01-05T17:40:48;4;4;
effrayant;gruselig;4;2013-01-08T22:15:32;0;3;
il nous a gaché l'ambiance;Er hat uns die Stimmung verdorben;4;2013-01-08T22:15:28;0;3;
Definitely;Durchaus;8;2013-01-04T16:36:28;5;16;
Je suis inquiet pour sa santé;Ich bin um seine Gesundheit besorgt;3;2013-01-08T23:58:13;0;2;
le papillon;der Schmetterling;6;2013-01-01T21:08:30;7;1;
l'auteur, le createur;der Schöpfer;5;2013-01-09T20:16:04;0;5;
le choix;die Auswahl;8;2012-12-25T18:26:05;15;6;
mordiller;an etwas knabbern;5;2013-01-08T22:17:25;0;5;
se faire bichonner;sich verwöhnen lassen;5;2013-01-08T23:59:34;0;5;
personne ne;keiner;9;2013-01-09T19:57:25;0;34;
Je n'y comprends rien;Das ist mir ein Rätsel;6;2013-01-05T17:39:24;4;4;
le trou, l'espace;die lücke;8;2013-01-08T23:59:17;0;21;
l'érosion;die Erosion;8;2013-01-04T16:32:56;5;16;
la vitesse;die Geschwindigkeit;5;2013-01-05T18:07:29;4;1;
comme indique;wie gezeigt;8;2012-12-25T17:30:34;15;6;
le dechet,l'ordure;der Abfall;4;2013-01-08T23:59:27;0;3;
parier;verwetten;4;2013-01-09T00:00:57;0;3;
humide;feucht;9;2013-01-03T00:20:52;6;28;
l'été;der Sommer;9;2013-01-03T00:20:40;6;28;
cesser de faire quelque chose;mit etwas einhalten;6;2013-01-09T20:15:59;0;8;
se foutre de la gueule de qn (fam);jemanden verarschen;1;2013-01-09T00:07:20;0;1;
Ce magazine est plus interessant que celui la;diese Illustrierte ist interessanter als jene;7;2013-01-04T16:53:04;5;8;
assrvir, conduire;steuern;8;2012-12-25T18:24:25;15;6;
Il n'est vraiment pas apte a ce travail;Er taugt wirklich nicht zu dieser Arbeit;1;2013-01-09T00:14:39;0;1;
un entairement;die Beerdigung;9;2013-01-03T00:20:49;6;28;
le departement, la division;die Abteilung;8;2013-01-04T16:32:23;5;16;
l'impot;die Steuer;8;2013-01-09T00:01:02;0;21;
en raison des circonstances;unter Umstände;8;2012-12-25T11:40:46;15;6;
la bougie;die kerze;2;2013-01-08T23:59:22;0;1;
Nous avons beaucoup contribué à ce succès;Wir haben erheblich zu diesem Erfolg beigetragen;1;2013-01-09T00:14:15;0;1;
Nous devons fixer une date;Wir müssen einen Termin vereinbaren;1;2013-01-09T00:23:44;0;1;
menteur;verlogen;5;2013-01-05T18:06:50;4;1;
comprehensible;begreiflich;8;2012-12-25T18:19:59;15;6;
la presentation;die Vorlage;3;2013-01-09T00:04:41;0;2;
baisser le volume;die Lautstärke leiser stellen;6;2013-01-05T17:48:28;4;4;
regarder;blicken;5;2013-01-09T00:02:08;0;5;
cela te coutera beaucoup d'argent;das wird dich viel Geld kosten;5;2013-01-09T00:11:32;0;5;
faire la grasse matinée;ausschlafen;8;2012-12-25T18:26:48;15;6;
se charger de;übernehmen;7;2013-01-04T16:54:05;5;8;
l'excursion, la balade;der Ausflug;8;2012-12-25T18:27:18;15;6;
tuerie en milieu scolaire;der Amoklauf an einer Schule;6;2013-01-09T20:14:21;0;8;
il est habitué a cette vie;er ist an dieses leben gewöhnt;1;2013-01-09T00:14:51;0;1;
Comment juger vous le potentiel de l'Australie, comme adversaire?;Wie stark schätzen Sie Australien ein, als Gegner?;8;2012-12-31T15:58:32;9;12;
lévier de cuisine;die Küchenspüle;7;2013-01-04T16:53:33;5;8;
Ils ont acheté une villa moins chére, que celle qu'ils avaient visitée;Sie haben eine weniger teure Villa gekauft als die, die sie besichtigt hatten;3;2013-01-09T00:12:23;0;2;
la tete de turc;der Buhmann;1;2013-01-09T00:15:26;0;1;
je peux encore avoir besoin de ce livre;dieses buch kann ich noch brauchen;6;2013-01-05T17:47:18;4;4;
ton succès me fait trés plaisir;ich freue mich sehr an deinem erfolg;2;2013-01-09T00:13:07;0;1;
la confiance;das Vertrauen;6;2013-01-09T20:13:25;0;8;
les nuages;die Wolken;9;2013-01-09T20:13:11;0;34;
Ich kann es mir nicht leisten;Je ne peux pas me le permettre;8;2013-01-04T16:33:06;5;16;
un additif;der Nachtrag;9;2013-01-09T20:13:29;0;34;
erschöpfen;epuiser;5;2013-01-09T00:12:47;0;5;
Ça me donne la gerbe;Da bekomme ich das Kotzen;4;2013-01-09T00:08:27;0;3;
etre responsable de quelque chose;für etwas verantwortlich sein;6;2013-01-09T20:16:23;0;8;
de nous tous c'est Andrea qui court le plus vite;von uns allen läuft Andrea am schnellsten;5;2013-01-06T22:58:01;2;3;
peter un cable, disjoncter;ausrasten;5;2013-01-09T20:17:51;0;5;
le truc, le machin;das Ding;8;2013-01-04T16:39:03;5;16;
C'est l'espagne que l'on visite le plus l'ete;Spanien wird im Sommer am meisten besichtigt;5;2013-01-09T00:08:14;0;5;
il souffre depuis des années de rhumatismes;er leidet schon seit jahren an rheuma;4;2013-01-09T00:12:42;0;3;
à cause de moi;Meinetwegen;8;2012-12-31T16:07:18;9;12;
homosexuelle, gay;schwul;5;2013-01-09T20:13:14;0;5;
decourager quelqu'un;jemanden entmutigen;4;2013-01-09T20:02:41;0;3;
sur le vif;hautnah;4;2013-01-09T00:13:11;0;3;
les courants océaniques;die Meeresströmungen;8;2012-12-21T20:08:52;19;2;
insolite, abracadabrant, inhabituel;ungewöhnlich;2;2013-01-09T00:06:23;0;1;
Le monde ne souffre pas d'un manque d'eau, mais pratique une très mauvaise gestion de l'eau;Die Welt leidet nicht unter Wassermangel, sondern betreibt ein sehr schlechtes Wassermanagement;5;2013-01-09T00:07:59;0;5;
le bruit (sonore);das Geräusch;4;2013-01-09T00:06:09;0;3;
se detendre;sich entspannen;8;2013-01-04T16:35:59;5;16;
J'en admire surtout les vitraux (d'une cathedrale);Ich bewundere vor allem ihre Fenster;1;2013-01-09T00:24:51;0;1;
la consomation;der Verbrauch;5;2013-01-05T18:03:18;4;1;
vachement;unheimlich;7;2013-01-04T16:52:12;5;8;
capricieux;launenhaft;4;2013-01-09T00:15:32;0;3;
les arriére petits enfants;die Urenkel;6;2013-01-03T00:02:51;6;2;
ma courbe de motivation a atteint un creux;meine Motivationskurve hat ein Tief erreicht;1;2013-01-09T20:17:22;0;1;
l'adolescent;der Jüngling;6;2013-01-09T20:16:28;0;8;
Qui marque le but?;Wer macht die Tore?;4;2013-01-09T00:16:12;0;3;
avoir la main sur le coeur;sehr großzügig sein;3;2013-01-09T00:19:33;0;2;
artificielle;gekünstelt;5;2013-01-05T18:06:33;4;1;
y'es tu habitué?;Bist du daran gewöhnt?;5;2013-01-09T00:15:42;0;5;
le motif de paiement;der Verwendungszweck;4;2013-01-09T00:19:00;0;3;
la conservation;die Aufbewahrung;1;2013-01-09T00:21:39;0;1;
Qui conclut l'accord ?;Wer traf die Vereinbarung?;4;2013-01-09T00:23:04;0;3;
la ceremonie, la fete;die Veranstaltung;4;2013-01-09T00:15:52;0;3;
etre attaché a quelaue chose;mit etwas zusammenhängen;5;2013-01-09T20:14:04;0;5;
le verglas;das Glatteis;4;2013-01-09T00:15:46;0;3;
la commande, la mission;der Auftrag;8;2012-12-25T18:38:57;15;6;
le Latin;der Romane;8;2012-12-24T13:08:12;16;5;
entreprendre;unternehmen;9;2013-01-09T20:13:19;0;34;
la contradiction;der Widerspruch;5;2013-01-05T18:07:37;4;1;
Il vient de sortir;Er ist gerade weggegangen;5;2013-01-05T18:07:13;4;1;
la note de débit;die lastschrift;1;2013-01-08T21:38:59;0;1;
die Entscheidung;la decision;8;2013-01-05T18:15:11;4;17;
l'exception;die Ausnahme;6;2013-01-03T22:50:33;5;3;
en ecoutant des chansons de rap allemandes, on apprend a bien prononcé les mots;indem man deutsche Rapsongs hört, lernt man die Wörter richtig aussprechen;1;2013-01-09T00:21:08;0;1;
serviable;hilfsbereit;9;2013-01-08T00:28:46;1;33;
neutre;sächlich;8;2012-12-25T18:37:39;15;6;
baisse de température;der Temperaturfall;9;2013-01-03T22:50:28;5;29;
grand huit;die Achterbahn;8;2012-12-25T12:57:35;15;6;
l´inteligence;die Gescheitheit;4;2013-01-09T00:15:57;0;3;
rester;übrig sein;9;2013-01-03T22:55:30;5;29;
bobonne;schatzi;8;2012-12-25T18:30:28;15;6;
cependant, assurément;allerdings;8;2012-12-25T18:56:32;15;6;
embobiné;eingewickelt;6;2013-01-05T17:55:23;4;4;
un peu;bisschen;8;2012-12-25T16:20:46;15;6;
mettre les point sur les i;es klipp und klar sagen;6;2013-01-09T20:18:40;0;8;
paresseux;faul;6;2013-01-09T20:18:20;0;8;
la balle;die kugel;8;2012-12-25T18:56:21;15;6;
redoubler une classe;sitzen bleiben;5;2013-01-09T00:13:58;0;5;
rattraper;Einholen;7;2013-01-04T16:51:47;5;8;
Arrête de faire le con;Hör auf mit dem Scheiß;5;2013-01-09T00:18:50;0;5;
je voudrais te demander quelque chose;ich möchte dich etwas fragen;1;2013-01-09T00:28:56;0;1;
injuste;ungerecht;6;2013-01-01T20:31:36;7;1;
beherrschbar;maitrisable;8;2013-01-09T00:21:30;0;21;
C'est vraiment domage pour lui;Es ist wirklich schade um ihn;3;2013-01-08T17:44:54;1;1;
il m'a invité à l'accompagner;er hat mich dazu aufgefordert, ihn zu begleiten;1;2013-01-09T00:32:00;0;1;
une bequille, un soutient;die Stütze;8;2012-12-25T19:01:04;15;6;
etwas anstreben;aspirer a quelque chose;3;2013-01-09T00:19:22;0;2;
cassé;zerbrochen;3;2013-01-09T00:19:11;0;2;
Maman a choisi l'hotel le plus agreable;Mutti hat das angenehmste hotel gewählt;2;2013-01-09T00:21:22;0;1;
Le Ministre rendit compte de son voyage en Chine;Der Minister berichtete über seine Chinareise;5;2013-01-05T18:12:55;4;1;
formidable;großartig;5;2013-01-06T22:59:57;2;3;
l'impression generale;der Gesamteindruck;8;2012-12-31T14:36:31;9;12;
depuis quelque temps;seit einiger zeit;4;2013-01-09T00:22:00;0;3;
l'ours;der Bär;7;2013-01-04T16:48:42;5;8;
emouvant, pathetique;bewegend;6;2013-01-03T00:09:53;6;2;
Qu'est ce qui t'as incité à prendre cette décision?;Was hat dich dazu angeregt, diese Entscheidung zu treffen?;1;2013-01-09T00:26:54;0;1;
la centrale electrique;das Kraftwerk;5;2013-01-09T00:19:05;0;5;
Ca y est;Es ist geschafft;1;2013-01-09T00:24:56;0;1;
l'observateur;der beobachter;8;2012-12-25T17:07:39;15;6;
suivant qc;zufolge;5;2013-01-09T00:21:43;0;5;
vomir;ausbrechen;5;2013-01-09T20:19:41;0;5;
l'automne;der Herbst;6;2013-01-05T17:55:10;4;4;
Bonjour;Guten Tag;5;2013-01-05T18:08:06;4;1;
la grêle;der Hagel;8;2013-01-04T16:20:03;5;16;
Je déplore que ce dictionnaire ne donne pas la prononciation;An diesem Wörterbuch vermisse ich Angaben zur Aussprache;2;2013-01-08T21:30:27;0;1;
se creuser la tete;grübeln;6;2013-01-09T20:17:31;0;8;
Ca depend;es kommt darauf an;5;2013-01-05T18:08:32;4;1;
cultiver, extraire;fördern;8;2013-01-05T18:15:07;4;17;
craneuse, vantard;angeberisch;7;2013-01-04T16:53:09;5;8;
La criminelle a été arrêtée;Die Verbrecherin wurde verhaftet;6;2013-01-05T17:44:28;4;4;
le virement automatique;der Dauerauftrag;3;2013-01-09T00:28:41;0;2;
le chef;der Leiter;8;2013-01-09T00:25:50;0;21;
le soleil;die Sonne;8;2012-12-25T19:09:15;15;6;
bizare;seltsam;8;2012-12-25T17:07:18;15;6;
embaucher;einstellen;7;2012-12-31T16:25:20;9;4;
ne serait ce que;sei es nur;8;2012-12-25T19:18:05;15;6;
le chomage des jeunes est monté jusqu'a 52%;die Jungendarbeitslosigkeit ist auf 52% gestiegen;5;2013-01-05T18:12:08;4;1;
la terre;die Erde;8;2012-12-22T14:47:20;18;3;
la plupart des vacanciers pensent à l'espagne;Die meisten Urlauber denken an Spanien;7;2013-01-04T16:52:42;5;8;
des friandises;die Süßigkeiten;8;2013-01-04T16:47:09;5;16;
Nous travaillons plus que jamais;Wir arbeiten mehr denn je;6;2013-01-03T00:12:33;6;2;
le capitalisme;der Kapitalismus;5;2013-01-09T00:27:00;0;5;
la defaite (sportive);die niederlage;7;2013-01-04T16:52:22;5;8;
Je te demande un service;ich bitte dich um einen Gefallen;2;2013-01-09T00:27:48;0;1;
Je collectionne les timbres;Ich sammle Briefmarken;7;2013-01-08T21:35:21;0;13;
J'ai ecrit plus de page que toi;Ich habe mehr Seiten geschrieben als du;5;2013-01-09T00:24:31;0;5;
Lundi;Montag;5;2013-01-09T19:54:38;0;5;
pleurnichard;weinerlich;8;2012-12-22T15:04:13;18;3;
l'emploi du temps;der Tagesablauf;8;2013-01-05T18:15:03;4;17;
le bruit;das Gerücht;3;2013-01-09T00:27:20;0;2;
l'etat civil;der familienstand;4;2013-01-09T20:20:03;0;3;
je ne m'attendais pas a cette nouvelle;ich war nicht auf diese nachricht gefaßt;1;2013-01-09T00:30:47;0;1;
entre autres;unter anderem;3;2013-01-09T00:29:01;0;2;
le plus perspicace parmi tous;der Allerklugste;6;2013-01-03T00:16:59;6;2;
Nous ne voulons pas grimper plus haut;Wir wollen nicht höher klettern;1;2013-01-09T00:30:09;0;1;
la recompense;die Belohnung;1;2013-01-09T00:31:31;0;1;
l'arret, l'abandon;das Aussetzen;5;2013-01-05T18:13:28;4;1;
la consequence;die Auswirkung;7;2012-12-31T16:26:57;9;4;
sensible, prude;zimperlich;9;2013-01-03T22:55:10;5;29;
deplaisant;unangenehm;9;2013-01-09T20:17:39;0;34;
calculer;rechnen;8;2012-12-25T19:22:13;15;6;
Voyez-vous la grande ferme là-bas ? Mon ami Dupont en est le propriétaire;Sehen Sie den großen Hof dort hinten? Mein Freund Dupont ist der Eigentümer;5;2013-01-06T22:59:50;2;3;
Je ne doute pas de la victoire;ich zweifle nicht an dem Sieg;1;2013-01-09T00:29:25;0;1;
ecologique;ökologisch;8;2013-01-04T16:47:40;5;16;
le dossier;das Verzeichnis;3;2013-01-08T18:53:42;1;1;
la faim est le meilleur cuisinier;Hunger ist der beste Koch;6;2013-01-05T17:56:54;4;4;
egalement, pareillement;ebenfalls;1;2013-01-09T00:30:24;0;1;
samedi;samstag;5;2013-01-09T20:16:31;0;5;
detenir, revetir;bekleiden;8;2012-12-25T18:52:40;15;6;
J'aime occuper mon temps a lire;Ich verbringe meine Zeit gern mit lesen;6;2013-01-09T20:18:17;0;8;
Flute;Mist;9;2013-01-06T21:57:01;2;32;
en etat d'apesanteur;schwerelos;5;2013-01-09T20:18:44;0;5;
suffisant;ausreichend;1;2013-01-09T00:30:51;0;1;
le bonnet de laine;die wollmütze;1;2013-01-08T21:30:39;0;1;
le destinataire;der empfänger;8;2013-01-09T00:27:36;0;21;
Je suis furieux à cause de;Ich bin wütend über;4;2013-01-09T19:33:52;0;3;
dimanche;sonntag;4;2013-01-09T20:19:57;0;3;
tomber en panne, échouer;versagen;8;2012-12-25T19:20:12;15;6;
la cadance, le rythme;der Takt;8;2013-01-01T21:34:09;7;14;
l'evenement;das Geschehen;9;2013-01-09T20:19:00;0;34;
exceller dans quelque chose;in etwas ausgezeichnet sein;4;2013-01-09T19:18:06;0;3;
etre gai, etre en pleine forme;richtig in Stimmung kommen;1;2013-01-09T00:32:51;0;1;
enbrasser;küssen;9;2013-01-08T17:44:40;1;33;
le ciel;der Himmel;9;2013-01-03T22:41:02;5;29;
le fusil;das Gewehr;5;2013-01-06T22:59:22;2;3;
livrer quelquechose;abliefern;8;2013-01-04T16:53:14;5;16;
se tenir à carreau	;sich anständig benehmen;5;2013-01-09T20:20:17;0;5;
la folie, du jamais vu;Wahnsinn;1;2013-01-09T00:32:25;0;1;
le mot-clé;das Stichwort;1;2013-01-09T00:32:32;0;1;
la grande ours;der Große Bär;7;2013-01-05T17:56:41;4;9;
alors que;obwohl;6;2013-01-09T20:18:49;0;8;
Il a attrapé le bus de justesse;Er hat den Bus gerade noch erwischt;5;2013-01-09T00:29:15;0;5;
la météo;das Wetter;9;2013-01-09T20:17:06;0;34;
le chomage des jeunes a augmanté de 25%;die Jungendarbeitslosigkeit ist um 25% gestiegen;6;2013-01-03T00:14:59;6;2;
Patiemment l'araignée tisse sa toile;Geduldig webt die Spinne ihr Netz;7;2013-01-05T17:55:40;4;9;
régler le volume;die Lautstärke ein stellen;7;2012-12-31T16:32:48;9;4;
se lier d'amitié avec qn.;sich mit jemandem befreunden;1;2013-01-09T00:32:59;0;1;
un petit beure;der Butterkeks;9;2013-01-03T22:55:22;5;29;
